raw_description,cleaned_description,text_length,num_keywords,citation_counts,category_Copyright,category_Patent,category_Trademark,price
A revolutionary process for drug delivery using nanotechnology.,a revolutionary process for drug delivery using nanotechnology.,118,15,22,0,0,1,2909.66
A revolutionary process for drug delivery using nanotechnology.,a revolutionary process for drug delivery using nanotechnology.,105,8,27,0,1,0,4387.47
A creative artwork capturing modern urban life.,a creative artwork capturing modern urban life.,66,6,7,0,0,1,4125.49
An efficient method for renewable energy generation using solar power.,an efficient method for renewable energy generation using solar power.,56,12,3,1,0,0,1912.06
An innovative app interface design for seamless user experience.,an innovative app interface design for seamless user experience.,75,5,12,1,0,0,2148.82
An original music composition blending classical and modern styles.,an original music composition blending classical and modern styles.,72,14,42,0,0,1,2509.24
An advanced algorithm for image recognition in security systems.,an advanced algorithm for image recognition in security systems.,57,10,27,0,0,1,1903.95
An original music composition blending classical and modern styles.,an original music composition blending classical and modern styles.,83,12,3,1,0,0,2329.84
An advanced algorithm for image recognition in security systems.,an advanced algorithm for image recognition in security systems.,65,7,12,0,0,1,1758.15
An innovative app interface design for seamless user experience.,an innovative app interface design for seamless user experience.,61,5,18,0,1,0,1485.0
A revolutionary process for drug delivery using nanotechnology.,a revolutionary process for drug delivery using nanotechnology.,120,14,45,0,0,1,1114.4
A revolutionary process for drug delivery using nanotechnology.,a revolutionary process for drug delivery using nanotechnology.,79,13,43,1,0,0,4077.52
An original music composition blending classical and modern styles.,an original music composition blending classical and modern styles.,78,6,25,0,1,0,4276.34
A unique brand logo for a luxury fashion company.,a unique brand logo for a luxury fashion company.,108,7,35,1,0,0,2822.88
A novel method for battery efficiency in electric vehicles.,a novel method for battery efficiency in electric vehicles.,113,7,7,0,1,0,3775.12
An original music composition blending classical and modern styles.,an original music composition blending classical and modern styles.,60,7,13,0,1,0,2556.63
A creative artwork capturing modern urban life.,a creative artwork capturing modern urban life.,104,7,31,0,1,0,2959.31
A revolutionary process for drug delivery using nanotechnology.,a revolutionary process for drug delivery using nanotechnology.,66,6,5,0,0,1,1268.29
A revolutionary process for drug delivery using nanotechnology.,a revolutionary process for drug delivery using nanotechnology.,116,14,15,0,1,0,2794.39
A unique brand logo for a luxury fashion company.,a unique brand logo for a luxury fashion company.,118,11,47,0,1,0,4312.61
A unique design for a wearable health tracker.,a unique design for a wearable health tracker.,75,12,9,0,0,1,4467.16
A novel method for battery efficiency in electric vehicles.,a novel method for battery efficiency in electric vehicles.,68,6,17,0,1,0,806.75
An original music composition blending classical and modern styles.,an original music composition blending classical and modern styles.,71,12,46,0,0,1,1800.1
A unique brand logo for a luxury fashion company.,a unique brand logo for a luxury fashion company.,101,5,40,0,1,0,4846.72
A unique brand logo for a luxury fashion company.,a unique brand logo for a luxury fashion company.,57,5,5,1,0,0,1884.21
A unique brand logo for a luxury fashion company.,a unique brand logo for a luxury fashion company.,57,7,45,0,0,1,2278.94
A novel method for battery efficiency in electric vehicles.,a novel method for battery efficiency in electric vehicles.,55,13,9,0,0,1,3504.19
A revolutionary process for drug delivery using nanotechnology.,a revolutionary process for drug delivery using nanotechnology.,118,8,49,0,1,0,2441.41
A novel method for battery efficiency in electric vehicles.,a novel method for battery efficiency in electric vehicles.,72,11,29,0,0,1,1305.39
A creative artwork capturing modern urban life.,a creative artwork capturing modern urban life.,86,14,24,1,0,0,2580.8
An advanced algorithm for image recognition in security systems.,an advanced algorithm for image recognition in security systems.,96,13,3,1,0,0,3519.49
An efficient method for renewable energy generation using solar power.,an efficient method for renewable energy generation using solar power.,96,13,10,0,0,1,3410.81
A unique design for a wearable health tracker.,a unique design for a wearable health tracker.,120,15,11,1,0,0,3306.21
An efficient method for renewable energy generation using solar power.,an efficient method for renewable energy generation using solar power.,103,9,36,0,1,0,4859.83
An innovative system for real-time data encryption.,an innovative system for real-time data encryption.,100,10,11,0,0,1,2848.75
A unique design for a wearable health tracker.,a unique design for a wearable health tracker.,67,8,46,1,0,0,2631.59
A novel method for battery efficiency in electric vehicles.,a novel method for battery efficiency in electric vehicles.,52,12,49,0,1,0,1041.93
An advanced algorithm for image recognition in security systems.,an advanced algorithm for image recognition in security systems.,66,9,39,0,0,1,4077.76
A creative artwork capturing modern urban life.,a creative artwork capturing modern urban life.,93,7,44,1,0,0,2253.0
A unique design for a wearable health tracker.,a unique design for a wearable health tracker.,61,9,7,1,0,0,3531.19
An advanced algorithm for image recognition in security systems.,an advanced algorithm for image recognition in security systems.,80,5,37,0,1,0,3437.65
An innovative system for real-time data encryption.,an innovative system for real-time data encryption.,52,12,37,0,1,0,2788.15
An innovative app interface design for seamless user experience.,an innovative app interface design for seamless user experience.,109,12,50,0,1,0,3673.43
A unique brand logo for a luxury fashion company.,a unique brand logo for a luxury fashion company.,118,10,18,0,1,0,3096.2
A creative artwork capturing modern urban life.,a creative artwork capturing modern urban life.,113,5,38,0,0,1,2725.47
An innovative app interface design for seamless user experience.,an innovative app interface design for seamless user experience.,119,5,44,1,0,0,3274.83
An advanced algorithm for image recognition in security systems.,an advanced algorithm for image recognition in security systems.,63,12,25,0,0,1,3889.34
An innovative system for real-time data encryption.,an innovative system for real-time data encryption.,116,9,32,0,0,1,4200.25
A revolutionary process for drug delivery using nanotechnology.,a revolutionary process for drug delivery using nanotechnology.,58,6,6,0,1,0,3824.14
A unique design for a wearable health tracker.,a unique design for a wearable health tracker.,99,7,38,1,0,0,4102.23
A revolutionary process for drug delivery using nanotechnology.,a revolutionary process for drug delivery using nanotechnology.,62,13,32,0,0,1,3512.09
An efficient method for renewable energy generation using solar power.,an efficient method for renewable energy generation using solar power.,115,10,37,1,0,0,4503.99
A unique brand logo for a luxury fashion company.,a unique brand logo for a luxury fashion company.,66,7,1,1,0,0,4288.92
A creative artwork capturing modern urban life.,a creative artwork capturing modern urban life.,114,5,45,0,0,1,3247.29
An original music composition blending classical and modern styles.,an original music composition blending classical and modern styles.,120,12,15,0,0,1,1168.09
A unique brand logo for a luxury fashion company.,a unique brand logo for a luxury fashion company.,59,8,2,0,0,1,516.63
An efficient method for renewable energy generation using solar power.,an efficient method for renewable energy generation using solar power.,112,6,13,0,1,0,4510.49
An innovative system for real-time data encryption.,an innovative system for real-time data encryption.,99,10,24,1,0,0,4815.5
An innovative system for real-time data encryption.,an innovative system for real-time data encryption.,79,8,8,0,0,1,1999.38
An efficient method for renewable energy generation using solar power.,an efficient method for renewable energy generation using solar power.,86,6,15,0,1,0,2830.11
An original music composition blending classical and modern styles.,an original music composition blending classical and modern styles.,82,11,21,0,0,1,942.34
An original music composition blending classical and modern styles.,an original music composition blending classical and modern styles.,90,12,20,0,1,0,2211.39
An original music composition blending classical and modern styles.,an original music composition blending classical and modern styles.,60,9,9,0,1,0,2194.36
A novel method for battery efficiency in electric vehicles.,a novel method for battery efficiency in electric vehicles.,113,11,26,1,0,0,1795.69
An innovative system for real-time data encryption.,an innovative system for real-time data encryption.,65,7,3,0,1,0,2734.13
An original music composition blending classical and modern styles.,an original music composition blending classical and modern styles.,60,6,45,1,0,0,3943.15
An innovative system for real-time data encryption.,an innovative system for real-time data encryption.,89,7,28,1,0,0,735.0
An innovative app interface design for seamless user experience.,an innovative app interface design for seamless user experience.,76,6,3,1,0,0,2932.23
A unique design for a wearable health tracker.,a unique design for a wearable health tracker.,105,13,18,0,1,0,2102.56
An advanced algorithm for image recognition in security systems.,an advanced algorithm for image recognition in security systems.,62,5,13,0,1,0,3857.47
A revolutionary process for drug delivery using nanotechnology.,a revolutionary process for drug delivery using nanotechnology.,69,9,1,0,1,0,2327.48
An innovative app interface design for seamless user experience.,an innovative app interface design for seamless user experience.,66,12,47,0,0,1,4228.21
A creative artwork capturing modern urban life.,a creative artwork capturing modern urban life.,55,13,27,0,1,0,4501.63
A revolutionary process for drug delivery using nanotechnology.,a revolutionary process for drug delivery using nanotechnology.,72,7,23,0,1,0,1444.04
A unique brand logo for a luxury fashion company.,a unique brand logo for a luxury fashion company.,120,7,42,0,0,1,2569.35
An advanced algorithm for image recognition in security systems.,an advanced algorithm for image recognition in security systems.,71,6,26,0,0,1,3276.38
An advanced algorithm for image recognition in security systems.,an advanced algorithm for image recognition in security systems.,90,7,13,0,0,1,4868.83
A unique brand logo for a luxury fashion company.,a unique brand logo for a luxury fashion company.,107,15,33,1,0,0,2459.83
A unique brand logo for a luxury fashion company.,a unique brand logo for a luxury fashion company.,108,11,31,0,0,1,3591.84
A novel method for battery efficiency in electric vehicles.,a novel method for battery efficiency in electric vehicles.,106,9,46,0,0,1,564.92
An advanced algorithm for image recognition in security systems.,an advanced algorithm for image recognition in security systems.,112,15,38,1,0,0,1804.96
An advanced algorithm for image recognition in security systems.,an advanced algorithm for image recognition in security systems.,111,15,9,0,0,1,2289.41
An innovative system for real-time data encryption.,an innovative system for real-time data encryption.,61,13,26,0,1,0,3506.11
An original music composition blending classical and modern styles.,an original music composition blending classical and modern styles.,52,5,32,0,0,1,4430.68
An efficient method for renewable energy generation using solar power.,an efficient method for renewable energy generation using solar power.,84,12,0,1,0,0,3203.21
An original music composition blending classical and modern styles.,an original music composition blending classical and modern styles.,54,7,8,0,0,1,2257.06
An efficient method for renewable energy generation using solar power.,an efficient method for renewable energy generation using solar power.,114,8,29,0,0,1,4752.25
A creative artwork capturing modern urban life.,a creative artwork capturing modern urban life.,111,10,8,0,0,1,3389.16
A creative artwork capturing modern urban life.,a creative artwork capturing modern urban life.,114,12,16,0,0,1,3023.04
A creative artwork capturing modern urban life.,a creative artwork capturing modern urban life.,83,13,46,0,1,0,4900.95
An innovative app interface design for seamless user experience.,an innovative app interface design for seamless user experience.,113,10,32,0,0,1,4285.59
An advanced algorithm for image recognition in security systems.,an advanced algorithm for image recognition in security systems.,98,9,22,0,0,1,1257.91
An innovative app interface design for seamless user experience.,an innovative app interface design for seamless user experience.,73,15,38,1,0,0,1543.73
An original music composition blending classical and modern styles.,an original music composition blending classical and modern styles.,111,13,46,1,0,0,1410.74
A unique brand logo for a luxury fashion company.,a unique brand logo for a luxury fashion company.,85,13,0,0,0,1,1215.23
An innovative system for real-time data encryption.,an innovative system for real-time data encryption.,79,9,45,1,0,0,4698.34
An innovative system for real-time data encryption.,an innovative system for real-time data encryption.,68,13,12,0,1,0,4567.04
An efficient method for renewable energy generation using solar power.,an efficient method for renewable energy generation using solar power.,87,8,29,1,0,0,4077.61
An efficient method for renewable energy generation using solar power.,an efficient method for renewable energy generation using solar power.,65,9,46,1,0,0,3088.03
An advanced algorithm for image recognition in security systems.,an advanced algorithm for image recognition in security systems.,54,10,49,0,0,1,4925.11
A creative artwork capturing modern urban life.,a creative artwork capturing modern urban life.,54,14,4,0,1,0,3586.82
An efficient method for renewable energy generation using solar power.,an efficient method for renewable energy generation using solar power.,75,5,37,0,0,1,1344.43
A unique brand logo for a luxury fashion company.,a unique brand logo for a luxury fashion company.,120,6,43,1,0,0,3472.93
An innovative system for real-time data encryption.,an innovative system for real-time data encryption.,55,11,22,1,0,0,1725.57
An original music composition blending classical and modern styles.,an original music composition blending classical and modern styles.,84,12,16,0,0,1,4102.5
A creative artwork capturing modern urban life.,a creative artwork capturing modern urban life.,97,13,47,0,1,0,2957.23
A creative artwork capturing modern urban life.,a creative artwork capturing modern urban life.,65,11,49,0,0,1,2992.35
A novel method for battery efficiency in electric vehicles.,a novel method for battery efficiency in electric vehicles.,61,7,44,1,0,0,2276.17
An efficient method for renewable energy generation using solar power.,an efficient method for renewable energy generation using solar power.,88,14,34,0,0,1,4654.68
An innovative app interface design for seamless user experience.,an innovative app interface design for seamless user experience.,76,15,28,0,0,1,913.43
An advanced algorithm for image recognition in security systems.,an advanced algorithm for image recognition in security systems.,55,13,50,0,0,1,3687.54
An innovative app interface design for seamless user experience.,an innovative app interface design for seamless user experience.,54,6,46,1,0,0,3907.67
An innovative app interface design for seamless user experience.,an innovative app interface design for seamless user experience.,93,5,41,0,1,0,1470.04
A revolutionary process for drug delivery using nanotechnology.,a revolutionary process for drug delivery using nanotechnology.,100,7,22,0,1,0,799.47
A unique design for a wearable health tracker.,a unique design for a wearable health tracker.,81,7,22,1,0,0,2613.98
An innovative app interface design for seamless user experience.,an innovative app interface design for seamless user experience.,51,5,19,0,0,1,3524.31
A novel method for battery efficiency in electric vehicles.,a novel method for battery efficiency in electric vehicles.,111,15,18,1,0,0,4482.83
An innovative system for real-time data encryption.,an innovative system for real-time data encryption.,118,11,30,1,0,0,3970.59
An original music composition blending classical and modern styles.,an original music composition blending classical and modern styles.,58,10,19,1,0,0,2883.21
An innovative system for real-time data encryption.,an innovative system for real-time data encryption.,114,7,45,0,1,0,2127.81
An innovative system for real-time data encryption.,an innovative system for real-time data encryption.,64,13,34,0,1,0,548.61
An efficient method for renewable energy generation using solar power.,an efficient method for renewable energy generation using solar power.,113,15,17,1,0,0,683.09
A unique design for a wearable health tracker.,a unique design for a wearable health tracker.,66,9,14,1,0,0,3636.05
An efficient method for renewable energy generation using solar power.,an efficient method for renewable energy generation using solar power.,50,8,41,1,0,0,3377.4
An original music composition blending classical and modern styles.,an original music composition blending classical and modern styles.,87,10,3,0,0,1,2016.65
A unique design for a wearable health tracker.,a unique design for a wearable health tracker.,80,10,30,0,0,1,3928.53
A unique design for a wearable health tracker.,a unique design for a wearable health tracker.,57,14,8,0,0,1,3123.06
An advanced algorithm for image recognition in security systems.,an advanced algorithm for image recognition in security systems.,89,11,2,1,0,0,2442.26
An innovative app interface design for seamless user experience.,an innovative app interface design for seamless user experience.,82,14,44,0,1,0,1744.33
A revolutionary process for drug delivery using nanotechnology.,a revolutionary process for drug delivery using nanotechnology.,52,9,47,1,0,0,2122.51
A unique design for a wearable health tracker.,a unique design for a wearable health tracker.,67,12,48,0,0,1,2598.04
An advanced algorithm for image recognition in security systems.,an advanced algorithm for image recognition in security systems.,78,8,22,1,0,0,4048.27
A unique design for a wearable health tracker.,a unique design for a wearable health tracker.,120,5,49,0,1,0,1247.53
A unique brand logo for a luxury fashion company.,a unique brand logo for a luxury fashion company.,107,10,14,0,1,0,1113.41
A novel method for battery efficiency in electric vehicles.,a novel method for battery efficiency in electric vehicles.,50,12,1,0,1,0,4815.76
An innovative system for real-time data encryption.,an innovative system for real-time data encryption.,91,12,34,0,0,1,3468.71
An innovative system for real-time data encryption.,an innovative system for real-time data encryption.,79,11,46,1,0,0,3949.54
A unique brand logo for a luxury fashion company.,a unique brand logo for a luxury fashion company.,103,11,44,0,1,0,3436.5
A unique brand logo for a luxury fashion company.,a unique brand logo for a luxury fashion company.,61,14,34,0,1,0,1148.41
An original music composition blending classical and modern styles.,an original music composition blending classical and modern styles.,106,12,22,1,0,0,1702.94
An original music composition blending classical and modern styles.,an original music composition blending classical and modern styles.,82,12,39,0,0,1,3680.52
An original music composition blending classical and modern styles.,an original music composition blending classical and modern styles.,93,13,16,0,1,0,3772.98
An advanced algorithm for image recognition in security systems.,an advanced algorithm for image recognition in security systems.,62,15,10,0,1,0,3104.9
An innovative system for real-time data encryption.,an innovative system for real-time data encryption.,120,6,40,0,0,1,4209.07
A revolutionary process for drug delivery using nanotechnology.,a revolutionary process for drug delivery using nanotechnology.,62,15,1,1,0,0,2497.83
An innovative app interface design for seamless user experience.,an innovative app interface design for seamless user experience.,73,5,48,0,0,1,1203.71
An innovative system for real-time data encryption.,an innovative system for real-time data encryption.,110,6,20,0,0,1,2458.71
An innovative system for real-time data encryption.,an innovative system for real-time data encryption.,77,5,38,1,0,0,3001.45
An innovative system for real-time data encryption.,an innovative system for real-time data encryption.,50,6,26,0,0,1,2347.51
An innovative system for real-time data encryption.,an innovative system for real-time data encryption.,65,15,12,0,1,0,1932.62
An original music composition blending classical and modern styles.,an original music composition blending classical and modern styles.,55,8,34,0,0,1,821.97
An innovative app interface design for seamless user experience.,an innovative app interface design for seamless user experience.,116,10,27,0,1,0,2472.38
An original music composition blending classical and modern styles.,an original music composition blending classical and modern styles.,56,6,7,0,0,1,2325.98
A unique design for a wearable health tracker.,a unique design for a wearable health tracker.,89,13,12,0,0,1,3856.99
A revolutionary process for drug delivery using nanotechnology.,a revolutionary process for drug delivery using nanotechnology.,100,14,4,0,0,1,2923.76
An efficient method for renewable energy generation using solar power.,an efficient method for renewable energy generation using solar power.,101,12,16,0,0,1,4605.44
An innovative app interface design for seamless user experience.,an innovative app interface design for seamless user experience.,59,14,0,0,1,0,860.43
An innovative system for real-time data encryption.,an innovative system for real-time data encryption.,62,13,46,1,0,0,4522.68
A unique design for a wearable health tracker.,a unique design for a wearable health tracker.,62,9,15,1,0,0,4958.25
A revolutionary process for drug delivery using nanotechnology.,a revolutionary process for drug delivery using nanotechnology.,105,9,33,1,0,0,4823.17
A unique brand logo for a luxury fashion company.,a unique brand logo for a luxury fashion company.,57,8,48,0,0,1,4870.81
An innovative system for real-time data encryption.,an innovative system for real-time data encryption.,62,9,33,0,0,1,1806.91
An advanced algorithm for image recognition in security systems.,an advanced algorithm for image recognition in security systems.,82,8,10,1,0,0,1830.76
An original music composition blending classical and modern styles.,an original music composition blending classical and modern styles.,107,5,7,0,1,0,4041.15
An advanced algorithm for image recognition in security systems.,an advanced algorithm for image recognition in security systems.,99,7,10,0,0,1,840.1
A unique brand logo for a luxury fashion company.,a unique brand logo for a luxury fashion company.,117,14,33,0,1,0,1287.75
A creative artwork capturing modern urban life.,a creative artwork capturing modern urban life.,86,14,3,1,0,0,545.08
An advanced algorithm for image recognition in security systems.,an advanced algorithm for image recognition in security systems.,83,5,21,1,0,0,2198.3
A revolutionary process for drug delivery using nanotechnology.,a revolutionary process for drug delivery using nanotechnology.,114,7,25,0,1,0,1682.57
An advanced algorithm for image recognition in security systems.,an advanced algorithm for image recognition in security systems.,77,12,18,0,0,1,3813.26
An innovative app interface design for seamless user experience.,an innovative app interface design for seamless user experience.,54,10,19,0,1,0,3798.29
An efficient method for renewable energy generation using solar power.,an efficient method for renewable energy generation using solar power.,55,6,25,0,1,0,2613.13
An efficient method for renewable energy generation using solar power.,an efficient method for renewable energy generation using solar power.,116,12,24,1,0,0,959.63
A creative artwork capturing modern urban life.,a creative artwork capturing modern urban life.,90,10,33,0,0,1,590.9
A unique brand logo for a luxury fashion company.,a unique brand logo for a luxury fashion company.,100,13,20,0,0,1,4678.04
A revolutionary process for drug delivery using nanotechnology.,a revolutionary process for drug delivery using nanotechnology.,89,13,32,1,0,0,3658.25
An innovative app interface design for seamless user experience.,an innovative app interface design for seamless user experience.,69,5,1,0,1,0,3255.39
An innovative system for real-time data encryption.,an innovative system for real-time data encryption.,69,10,21,1,0,0,3186.56
A novel method for battery efficiency in electric vehicles.,a novel method for battery efficiency in electric vehicles.,109,6,43,0,1,0,2985.37
A unique design for a wearable health tracker.,a unique design for a wearable health tracker.,59,15,18,0,0,1,2528.58
A novel method for battery efficiency in electric vehicles.,a novel method for battery efficiency in electric vehicles.,64,5,9,0,1,0,4799.41
A unique design for a wearable health tracker.,a unique design for a wearable health tracker.,77,5,7,0,0,1,2546.23
A creative artwork capturing modern urban life.,a creative artwork capturing modern urban life.,61,14,26,0,0,1,1584.7
A novel method for battery efficiency in electric vehicles.,a novel method for battery efficiency in electric vehicles.,51,9,25,0,0,1,1389.9
A revolutionary process for drug delivery using nanotechnology.,a revolutionary process for drug delivery using nanotechnology.,66,10,25,0,1,0,588.28
An innovative system for real-time data encryption.,an innovative system for real-time data encryption.,84,11,21,0,0,1,4616.24
A unique design for a wearable health tracker.,a unique design for a wearable health tracker.,80,7,16,0,1,0,1771.04
A novel method for battery efficiency in electric vehicles.,a novel method for battery efficiency in electric vehicles.,114,7,47,1,0,0,1591.16
An efficient method for renewable energy generation using solar power.,an efficient method for renewable energy generation using solar power.,68,13,16,0,1,0,1020.26
An efficient method for renewable energy generation using solar power.,an efficient method for renewable energy generation using solar power.,52,9,39,0,1,0,3343.45
A unique design for a wearable health tracker.,a unique design for a wearable health tracker.,112,12,10,1,0,0,4079.14
A revolutionary process for drug delivery using nanotechnology.,a revolutionary process for drug delivery using nanotechnology.,55,14,35,1,0,0,4269.15
An advanced algorithm for image recognition in security systems.,an advanced algorithm for image recognition in security systems.,70,12,20,0,0,1,518.92
An innovative app interface design for seamless user experience.,an innovative app interface design for seamless user experience.,70,10,15,1,0,0,1987.48
An original music composition blending classical and modern styles.,an original music composition blending classical and modern styles.,110,13,7,1,0,0,654.08
An innovative system for real-time data encryption.,an innovative system for real-time data encryption.,65,7,32,0,0,1,4407.68
An efficient method for renewable energy generation using solar power.,an efficient method for renewable energy generation using solar power.,102,11,13,0,0,1,1640.13
An efficient method for renewable energy generation using solar power.,an efficient method for renewable energy generation using solar power.,52,7,43,0,1,0,885.48
A unique brand logo for a luxury fashion company.,a unique brand logo for a luxury fashion company.,109,9,10,0,0,1,1425.06
An efficient method for renewable energy generation using solar power.,an efficient method for renewable energy generation using solar power.,94,12,25,1,0,0,1852.01
An advanced algorithm for image recognition in security systems.,an advanced algorithm for image recognition in security systems.,102,15,30,0,0,1,3812.0
An efficient method for renewable energy generation using solar power.,an efficient method for renewable energy generation using solar power.,96,5,11,0,0,1,711.46
An advanced algorithm for image recognition in security systems.,an advanced algorithm for image recognition in security systems.,102,10,4,0,0,1,2609.14
An innovative app interface design for seamless user experience.,an innovative app interface design for seamless user experience.,113,9,13,0,0,1,1044.52
An original music composition blending classical and modern styles.,an original music composition blending classical and modern styles.,82,15,31,0,0,1,4898.3
A unique design for a wearable health tracker.,a unique design for a wearable health tracker.,69,13,19,0,1,0,778.29
A unique brand logo for a luxury fashion company.,a unique brand logo for a luxury fashion company.,83,13,13,1,0,0,1061.16
A novel method for battery efficiency in electric vehicles.,a novel method for battery efficiency in electric vehicles.,50,11,48,1,0,0,4330.98
A novel method for battery efficiency in electric vehicles.,a novel method for battery efficiency in electric vehicles.,72,11,1,0,0,1,1470.86
A unique brand logo for a luxury fashion company.,a unique brand logo for a luxury fashion company.,82,5,31,0,0,1,541.35
A revolutionary process for drug delivery using nanotechnology.,a revolutionary process for drug delivery using nanotechnology.,92,9,15,0,0,1,1091.46
A unique brand logo for a luxury fashion company.,a unique brand logo for a luxury fashion company.,98,7,23,1,0,0,1203.98
An advanced algorithm for image recognition in security systems.,an advanced algorithm for image recognition in security systems.,61,10,45,0,1,0,2773.74
An innovative app interface design for seamless user experience.,an innovative app interface design for seamless user experience.,119,15,40,0,0,1,3477.42
A novel method for battery efficiency in electric vehicles.,a novel method for battery efficiency in electric vehicles.,60,5,33,0,0,1,1605.39
A revolutionary process for drug delivery using nanotechnology.,a revolutionary process for drug delivery using nanotechnology.,87,8,50,0,0,1,4120.28
An efficient method for renewable energy generation using solar power.,an efficient method for renewable energy generation using solar power.,72,12,25,0,0,1,617.38
A revolutionary process for drug delivery using nanotechnology.,a revolutionary process for drug delivery using nanotechnology.,79,7,42,0,1,0,2782.17
A unique brand logo for a luxury fashion company.,a unique brand logo for a luxury fashion company.,76,14,6,1,0,0,633.61
A unique design for a wearable health tracker.,a unique design for a wearable health tracker.,114,9,25,0,1,0,3610.47
An innovative system for real-time data encryption.,an innovative system for real-time data encryption.,85,9,40,1,0,0,1875.22
An innovative system for real-time data encryption.,an innovative system for real-time data encryption.,119,13,18,0,1,0,3766.47
An original music composition blending classical and modern styles.,an original music composition blending classical and modern styles.,53,10,13,0,1,0,2863.23
A revolutionary process for drug delivery using nanotechnology.,a revolutionary process for drug delivery using nanotechnology.,97,6,11,1,0,0,3872.04
A unique brand logo for a luxury fashion company.,a unique brand logo for a luxury fashion company.,103,6,16,0,1,0,4688.17
A revolutionary process for drug delivery using nanotechnology.,a revolutionary process for drug delivery using nanotechnology.,66,13,33,0,0,1,3416.62
An advanced algorithm for image recognition in security systems.,an advanced algorithm for image recognition in security systems.,76,12,20,1,0,0,2525.45
A creative artwork capturing modern urban life.,a creative artwork capturing modern urban life.,93,7,8,0,0,1,927.53
An advanced algorithm for image recognition in security systems.,an advanced algorithm for image recognition in security systems.,101,5,49,1,0,0,4242.55
An innovative system for real-time data encryption.,an innovative system for real-time data encryption.,95,9,37,0,1,0,1088.47
A creative artwork capturing modern urban life.,a creative artwork capturing modern urban life.,59,9,49,0,0,1,3628.11
A creative artwork capturing modern urban life.,a creative artwork capturing modern urban life.,103,12,27,0,1,0,4758.08
A unique design for a wearable health tracker.,a unique design for a wearable health tracker.,79,9,45,0,1,0,1912.1
A novel method for battery efficiency in electric vehicles.,a novel method for battery efficiency in electric vehicles.,88,15,20,1,0,0,1111.99
An innovative system for real-time data encryption.,an innovative system for real-time data encryption.,67,12,41,1,0,0,1318.26
An innovative app interface design for seamless user experience.,an innovative app interface design for seamless user experience.,86,13,3,0,0,1,4923.17
An advanced algorithm for image recognition in security systems.,an advanced algorithm for image recognition in security systems.,103,10,29,0,1,0,3173.0
A novel method for battery efficiency in electric vehicles.,a novel method for battery efficiency in electric vehicles.,107,9,49,0,0,1,4732.93
A revolutionary process for drug delivery using nanotechnology.,a revolutionary process for drug delivery using nanotechnology.,77,9,29,1,0,0,2216.22
A revolutionary process for drug delivery using nanotechnology.,a revolutionary process for drug delivery using nanotechnology.,72,12,26,1,0,0,762.77
A revolutionary process for drug delivery using nanotechnology.,a revolutionary process for drug delivery using nanotechnology.,118,15,37,1,0,0,2180.26
A unique design for a wearable health tracker.,a unique design for a wearable health tracker.,81,9,25,0,0,1,2654.43
An original music composition blending classical and modern styles.,an original music composition blending classical and modern styles.,55,15,28,0,0,1,4546.85
An innovative system for real-time data encryption.,an innovative system for real-time data encryption.,89,10,38,0,0,1,3685.88
A creative artwork capturing modern urban life.,a creative artwork capturing modern urban life.,52,8,40,0,1,0,3743.84
An efficient method for renewable energy generation using solar power.,an efficient method for renewable energy generation using solar power.,88,15,34,0,0,1,3517.71
A revolutionary process for drug delivery using nanotechnology.,a revolutionary process for drug delivery using nanotechnology.,108,11,31,0,0,1,3749.59
A revolutionary process for drug delivery using nanotechnology.,a revolutionary process for drug delivery using nanotechnology.,110,14,50,1,0,0,3946.76
An efficient method for renewable energy generation using solar power.,an efficient method for renewable energy generation using solar power.,99,5,46,1,0,0,2101.88
An innovative app interface design for seamless user experience.,an innovative app interface design for seamless user experience.,77,11,18,0,1,0,4697.94
A unique design for a wearable health tracker.,a unique design for a wearable health tracker.,71,8,36,1,0,0,4669.21
A creative artwork capturing modern urban life.,a creative artwork capturing modern urban life.,82,8,4,0,0,1,4248.85
A novel method for battery efficiency in electric vehicles.,a novel method for battery efficiency in electric vehicles.,104,11,26,0,0,1,4057.55
An innovative app interface design for seamless user experience.,an innovative app interface design for seamless user experience.,77,13,14,0,0,1,1509.54
An advanced algorithm for image recognition in security systems.,an advanced algorithm for image recognition in security systems.,118,7,43,0,1,0,3785.77
A creative artwork capturing modern urban life.,a creative artwork capturing modern urban life.,64,8,9,1,0,0,573.08
A unique brand logo for a luxury fashion company.,a unique brand logo for a luxury fashion company.,118,11,40,1,0,0,3620.59
An efficient method for renewable energy generation using solar power.,an efficient method for renewable energy generation using solar power.,107,10,5,0,1,0,3641.38
An innovative app interface design for seamless user experience.,an innovative app interface design for seamless user experience.,95,8,22,1,0,0,1444.23
An innovative app interface design for seamless user experience.,an innovative app interface design for seamless user experience.,109,5,17,1,0,0,4612.06
An advanced algorithm for image recognition in security systems.,an advanced algorithm for image recognition in security systems.,55,10,30,0,1,0,2651.61
A unique brand logo for a luxury fashion company.,a unique brand logo for a luxury fashion company.,107,15,26,1,0,0,2073.5
A revolutionary process for drug delivery using nanotechnology.,a revolutionary process for drug delivery using nanotechnology.,52,10,12,0,1,0,3828.97
A unique brand logo for a luxury fashion company.,a unique brand logo for a luxury fashion company.,52,12,1,1,0,0,1502.15
An advanced algorithm for image recognition in security systems.,an advanced algorithm for image recognition in security systems.,113,11,48,0,1,0,4102.65
A revolutionary process for drug delivery using nanotechnology.,a revolutionary process for drug delivery using nanotechnology.,110,12,36,0,1,0,653.59
An advanced algorithm for image recognition in security systems.,an advanced algorithm for image recognition in security systems.,112,8,7,1,0,0,3201.3
An innovative system for real-time data encryption.,an innovative system for real-time data encryption.,99,11,28,0,0,1,1468.61
A revolutionary process for drug delivery using nanotechnology.,a revolutionary process for drug delivery using nanotechnology.,103,6,9,1,0,0,1203.17
A unique design for a wearable health tracker.,a unique design for a wearable health tracker.,56,5,8,1,0,0,552.13
An advanced algorithm for image recognition in security systems.,an advanced algorithm for image recognition in security systems.,100,9,15,0,0,1,1070.06
A revolutionary process for drug delivery using nanotechnology.,a revolutionary process for drug delivery using nanotechnology.,93,7,30,1,0,0,1367.1
An innovative app interface design for seamless user experience.,an innovative app interface design for seamless user experience.,70,10,46,0,1,0,4024.35
An innovative system for real-time data encryption.,an innovative system for real-time data encryption.,119,13,29,1,0,0,1680.21
A revolutionary process for drug delivery using nanotechnology.,a revolutionary process for drug delivery using nanotechnology.,79,9,5,0,0,1,1731.34
A unique brand logo for a luxury fashion company.,a unique brand logo for a luxury fashion company.,108,12,30,1,0,0,3172.17
A unique brand logo for a luxury fashion company.,a unique brand logo for a luxury fashion company.,53,7,26,0,0,1,3468.1
A revolutionary process for drug delivery using nanotechnology.,a revolutionary process for drug delivery using nanotechnology.,113,12,33,1,0,0,4271.2
A revolutionary process for drug delivery using nanotechnology.,a revolutionary process for drug delivery using nanotechnology.,56,5,0,0,0,1,4051.04
A unique design for a wearable health tracker.,a unique design for a wearable health tracker.,90,11,16,0,0,1,4778.6
An innovative app interface design for seamless user experience.,an innovative app interface design for seamless user experience.,97,11,39,1,0,0,3255.62
An efficient method for renewable energy generation using solar power.,an efficient method for renewable energy generation using solar power.,80,15,15,0,0,1,1808.27
A unique brand logo for a luxury fashion company.,a unique brand logo for a luxury fashion company.,57,11,3,1,0,0,4144.6
A unique design for a wearable health tracker.,a unique design for a wearable health tracker.,120,7,48,0,0,1,978.52
A revolutionary process for drug delivery using nanotechnology.,a revolutionary process for drug delivery using nanotechnology.,81,5,36,1,0,0,2644.06
An advanced algorithm for image recognition in security systems.,an advanced algorithm for image recognition in security systems.,96,13,25,0,0,1,3908.7
A unique design for a wearable health tracker.,a unique design for a wearable health tracker.,120,10,14,0,0,1,4029.34
An innovative app interface design for seamless user experience.,an innovative app interface design for seamless user experience.,84,5,18,0,1,0,3352.5
A revolutionary process for drug delivery using nanotechnology.,a revolutionary process for drug delivery using nanotechnology.,69,10,11,0,1,0,3253.91
An efficient method for renewable energy generation using solar power.,an efficient method for renewable energy generation using solar power.,119,13,8,0,1,0,4793.58
An innovative app interface design for seamless user experience.,an innovative app interface design for seamless user experience.,87,8,47,0,1,0,1614.58
An innovative system for real-time data encryption.,an innovative system for real-time data encryption.,94,13,2,0,1,0,4041.98
An original music composition blending classical and modern styles.,an original music composition blending classical and modern styles.,97,15,10,1,0,0,4567.13
An innovative app interface design for seamless user experience.,an innovative app interface design for seamless user experience.,78,15,4,0,0,1,2178.38
A unique brand logo for a luxury fashion company.,a unique brand logo for a luxury fashion company.,79,7,5,1,0,0,4932.78
A creative artwork capturing modern urban life.,a creative artwork capturing modern urban life.,89,15,22,0,0,1,3879.41
A novel method for battery efficiency in electric vehicles.,a novel method for battery efficiency in electric vehicles.,61,5,17,0,1,0,1760.18
An efficient method for renewable energy generation using solar power.,an efficient method for renewable energy generation using solar power.,78,10,20,0,0,1,2879.74
An innovative system for real-time data encryption.,an innovative system for real-time data encryption.,95,6,27,0,0,1,2864.15
An original music composition blending classical and modern styles.,an original music composition blending classical and modern styles.,57,9,5,1,0,0,4182.65
A novel method for battery efficiency in electric vehicles.,a novel method for battery efficiency in electric vehicles.,50,9,31,0,1,0,4552.66
An original music composition blending classical and modern styles.,an original music composition blending classical and modern styles.,73,15,5,0,1,0,3201.24
A creative artwork capturing modern urban life.,a creative artwork capturing modern urban life.,71,13,18,0,1,0,1011.14
A revolutionary process for drug delivery using nanotechnology.,a revolutionary process for drug delivery using nanotechnology.,54,14,35,0,0,1,3300.71
An advanced algorithm for image recognition in security systems.,an advanced algorithm for image recognition in security systems.,89,5,41,0,1,0,1458.17
An innovative app interface design for seamless user experience.,an innovative app interface design for seamless user experience.,100,9,27,0,0,1,3456.92
An original music composition blending classical and modern styles.,an original music composition blending classical and modern styles.,53,6,24,0,1,0,3924.08
An advanced algorithm for image recognition in security systems.,an advanced algorithm for image recognition in security systems.,116,15,35,0,0,1,874.08
A unique brand logo for a luxury fashion company.,a unique brand logo for a luxury fashion company.,85,12,13,0,1,0,3802.27
An innovative system for real-time data encryption.,an innovative system for real-time data encryption.,63,13,21,0,1,0,2637.08
An original music composition blending classical and modern styles.,an original music composition blending classical and modern styles.,101,11,3,1,0,0,3140.94
A revolutionary process for drug delivery using nanotechnology.,a revolutionary process for drug delivery using nanotechnology.,71,15,21,0,0,1,3319.95
A unique design for a wearable health tracker.,a unique design for a wearable health tracker.,70,6,42,0,1,0,2282.11
A unique design for a wearable health tracker.,a unique design for a wearable health tracker.,79,7,2,1,0,0,599.25
An original music composition blending classical and modern styles.,an original music composition blending classical and modern styles.,84,15,1,0,1,0,3050.96
An original music composition blending classical and modern styles.,an original music composition blending classical and modern styles.,75,7,2,0,0,1,3468.72
A unique design for a wearable health tracker.,a unique design for a wearable health tracker.,111,14,14,1,0,0,4970.71
A unique design for a wearable health tracker.,a unique design for a wearable health tracker.,79,5,6,0,1,0,4580.95
A revolutionary process for drug delivery using nanotechnology.,a revolutionary process for drug delivery using nanotechnology.,64,12,46,1,0,0,3779.86
A novel method for battery efficiency in electric vehicles.,a novel method for battery efficiency in electric vehicles.,51,14,9,0,0,1,4037.81
A novel method for battery efficiency in electric vehicles.,a novel method for battery efficiency in electric vehicles.,96,6,48,1,0,0,3395.71
A creative artwork capturing modern urban life.,a creative artwork capturing modern urban life.,118,15,14,0,0,1,2452.54
A unique brand logo for a luxury fashion company.,a unique brand logo for a luxury fashion company.,110,5,2,0,1,0,1892.72
A unique design for a wearable health tracker.,a unique design for a wearable health tracker.,116,12,47,0,1,0,3118.26
An innovative app interface design for seamless user experience.,an innovative app interface design for seamless user experience.,70,13,12,1,0,0,2198.69
An innovative app interface design for seamless user experience.,an innovative app interface design for seamless user experience.,120,15,42,1,0,0,4444.24
An innovative system for real-time data encryption.,an innovative system for real-time data encryption.,85,6,30,0,1,0,4582.15
An efficient method for renewable energy generation using solar power.,an efficient method for renewable energy generation using solar power.,61,9,37,0,0,1,2401.24
A unique design for a wearable health tracker.,a unique design for a wearable health tracker.,56,9,43,1,0,0,4565.41
An innovative system for real-time data encryption.,an innovative system for real-time data encryption.,64,14,44,0,1,0,2475.1
A creative artwork capturing modern urban life.,a creative artwork capturing modern urban life.,79,15,50,0,0,1,3244.01
An original music composition blending classical and modern styles.,an original music composition blending classical and modern styles.,116,8,35,0,0,1,1386.87
A revolutionary process for drug delivery using nanotechnology.,a revolutionary process for drug delivery using nanotechnology.,105,9,4,1,0,0,2311.82
An efficient method for renewable energy generation using solar power.,an efficient method for renewable energy generation using solar power.,89,7,13,0,0,1,2993.48
An original music composition blending classical and modern styles.,an original music composition blending classical and modern styles.,106,13,3,0,1,0,1476.28
An efficient method for renewable energy generation using solar power.,an efficient method for renewable energy generation using solar power.,77,7,47,0,0,1,2408.69
A creative artwork capturing modern urban life.,a creative artwork capturing modern urban life.,117,11,37,1,0,0,4332.56
An innovative app interface design for seamless user experience.,an innovative app interface design for seamless user experience.,113,7,45,0,0,1,2576.12
A novel method for battery efficiency in electric vehicles.,a novel method for battery efficiency in electric vehicles.,79,10,49,0,1,0,4319.91
A novel method for battery efficiency in electric vehicles.,a novel method for battery efficiency in electric vehicles.,62,11,22,0,0,1,2117.49
A creative artwork capturing modern urban life.,a creative artwork capturing modern urban life.,82,9,4,1,0,0,4589.11
A creative artwork capturing modern urban life.,a creative artwork capturing modern urban life.,112,9,34,1,0,0,3475.08
A unique design for a wearable health tracker.,a unique design for a wearable health tracker.,53,7,20,1,0,0,1112.32
An advanced algorithm for image recognition in security systems.,an advanced algorithm for image recognition in security systems.,54,10,6,1,0,0,558.21
An original music composition blending classical and modern styles.,an original music composition blending classical and modern styles.,62,9,36,0,0,1,3966.29
A unique design for a wearable health tracker.,a unique design for a wearable health tracker.,117,8,31,1,0,0,1419.35
An innovative system for real-time data encryption.,an innovative system for real-time data encryption.,83,8,26,0,1,0,3783.98
A unique design for a wearable health tracker.,a unique design for a wearable health tracker.,114,11,22,0,0,1,630.72
An advanced algorithm for image recognition in security systems.,an advanced algorithm for image recognition in security systems.,99,8,14,0,0,1,543.44
An original music composition blending classical and modern styles.,an original music composition blending classical and modern styles.,104,8,6,0,0,1,2946.5
An efficient method for renewable energy generation using solar power.,an efficient method for renewable energy generation using solar power.,109,8,4,0,1,0,994.96
A revolutionary process for drug delivery using nanotechnology.,a revolutionary process for drug delivery using nanotechnology.,77,11,46,0,0,1,1225.67
An efficient method for renewable energy generation using solar power.,an efficient method for renewable energy generation using solar power.,84,9,3,0,0,1,4148.76
A unique brand logo for a luxury fashion company.,a unique brand logo for a luxury fashion company.,55,10,1,0,0,1,3472.32
An advanced algorithm for image recognition in security systems.,an advanced algorithm for image recognition in security systems.,79,12,43,0,1,0,4196.48
A unique design for a wearable health tracker.,a unique design for a wearable health tracker.,110,12,30,0,0,1,2612.88
A unique design for a wearable health tracker.,a unique design for a wearable health tracker.,71,12,32,0,0,1,2871.43
A unique brand logo for a luxury fashion company.,a unique brand logo for a luxury fashion company.,102,13,38,0,0,1,2860.91
A revolutionary process for drug delivery using nanotechnology.,a revolutionary process for drug delivery using nanotechnology.,50,13,37,0,0,1,2751.31
An efficient method for renewable energy generation using solar power.,an efficient method for renewable energy generation using solar power.,53,10,38,0,0,1,3785.67
A unique design for a wearable health tracker.,a unique design for a wearable health tracker.,70,12,46,0,0,1,3953.83
A revolutionary process for drug delivery using nanotechnology.,a revolutionary process for drug delivery using nanotechnology.,74,13,23,0,1,0,695.51
A unique brand logo for a luxury fashion company.,a unique brand logo for a luxury fashion company.,102,5,41,0,0,1,3226.27
An innovative system for real-time data encryption.,an innovative system for real-time data encryption.,86,8,4,1,0,0,3417.73
A unique design for a wearable health tracker.,a unique design for a wearable health tracker.,66,14,22,0,1,0,1646.55
An innovative app interface design for seamless user experience.,an innovative app interface design for seamless user experience.,57,12,41,0,0,1,3892.8
An innovative system for real-time data encryption.,an innovative system for real-time data encryption.,105,7,13,1,0,0,1801.85
An efficient method for renewable energy generation using solar power.,an efficient method for renewable energy generation using solar power.,81,15,13,1,0,0,3309.56
A creative artwork capturing modern urban life.,a creative artwork capturing modern urban life.,119,8,15,1,0,0,1260.99
A novel method for battery efficiency in electric vehicles.,a novel method for battery efficiency in electric vehicles.,63,5,23,1,0,0,2493.15
An innovative app interface design for seamless user experience.,an innovative app interface design for seamless user experience.,106,5,45,0,1,0,1612.92
A novel method for battery efficiency in electric vehicles.,a novel method for battery efficiency in electric vehicles.,76,7,0,0,0,1,4684.67
An advanced algorithm for image recognition in security systems.,an advanced algorithm for image recognition in security systems.,56,6,45,0,0,1,3838.14
An innovative system for real-time data encryption.,an innovative system for real-time data encryption.,95,13,41,1,0,0,1290.14
A novel method for battery efficiency in electric vehicles.,a novel method for battery efficiency in electric vehicles.,114,13,29,1,0,0,2918.22
An innovative system for real-time data encryption.,an innovative system for real-time data encryption.,62,10,35,1,0,0,2047.77
An innovative app interface design for seamless user experience.,an innovative app interface design for seamless user experience.,108,7,47,0,0,1,832.21
An advanced algorithm for image recognition in security systems.,an advanced algorithm for image recognition in security systems.,106,5,18,1,0,0,575.14
A novel method for battery efficiency in electric vehicles.,a novel method for battery efficiency in electric vehicles.,120,6,41,0,1,0,3741.19
A revolutionary process for drug delivery using nanotechnology.,a revolutionary process for drug delivery using nanotechnology.,111,5,50,0,1,0,4544.06
An original music composition blending classical and modern styles.,an original music composition blending classical and modern styles.,61,11,36,0,1,0,1564.1
A novel method for battery efficiency in electric vehicles.,a novel method for battery efficiency in electric vehicles.,106,6,34,1,0,0,658.48
A unique brand logo for a luxury fashion company.,a unique brand logo for a luxury fashion company.,56,14,26,1,0,0,3513.56
A revolutionary process for drug delivery using nanotechnology.,a revolutionary process for drug delivery using nanotechnology.,118,15,21,0,1,0,3650.09
An innovative app interface design for seamless user experience.,an innovative app interface design for seamless user experience.,56,13,23,0,1,0,2596.52
A unique brand logo for a luxury fashion company.,a unique brand logo for a luxury fashion company.,80,11,9,0,0,1,1613.87
An original music composition blending classical and modern styles.,an original music composition blending classical and modern styles.,87,10,40,0,1,0,4405.32
An advanced algorithm for image recognition in security systems.,an advanced algorithm for image recognition in security systems.,56,11,6,0,0,1,1279.2
An innovative system for real-time data encryption.,an innovative system for real-time data encryption.,75,5,25,0,0,1,1522.85
An original music composition blending classical and modern styles.,an original music composition blending classical and modern styles.,101,8,32,0,0,1,1706.18
An original music composition blending classical and modern styles.,an original music composition blending classical and modern styles.,96,11,29,0,1,0,639.77
A creative artwork capturing modern urban life.,a creative artwork capturing modern urban life.,51,15,36,1,0,0,2558.71
A creative artwork capturing modern urban life.,a creative artwork capturing modern urban life.,100,15,17,0,0,1,818.08
An innovative system for real-time data encryption.,an innovative system for real-time data encryption.,81,6,3,0,0,1,4204.02
An advanced algorithm for image recognition in security systems.,an advanced algorithm for image recognition in security systems.,87,14,9,0,1,0,1114.06
An efficient method for renewable energy generation using solar power.,an efficient method for renewable energy generation using solar power.,81,15,48,1,0,0,2211.94
A unique brand logo for a luxury fashion company.,a unique brand logo for a luxury fashion company.,71,9,15,1,0,0,2701.77
A novel method for battery efficiency in electric vehicles.,a novel method for battery efficiency in electric vehicles.,58,5,50,1,0,0,2325.02
A unique brand logo for a luxury fashion company.,a unique brand logo for a luxury fashion company.,60,6,30,1,0,0,3783.31
An advanced algorithm for image recognition in security systems.,an advanced algorithm for image recognition in security systems.,82,12,0,1,0,0,4113.26
An innovative system for real-time data encryption.,an innovative system for real-time data encryption.,96,7,28,1,0,0,3484.26
A unique design for a wearable health tracker.,a unique design for a wearable health tracker.,73,11,32,0,1,0,3615.71
An innovative app interface design for seamless user experience.,an innovative app interface design for seamless user experience.,79,9,37,0,0,1,1803.26
An efficient method for renewable energy generation using solar power.,an efficient method for renewable energy generation using solar power.,56,7,28,0,0,1,1702.46
A revolutionary process for drug delivery using nanotechnology.,a revolutionary process for drug delivery using nanotechnology.,108,10,48,0,0,1,2154.38
An advanced algorithm for image recognition in security systems.,an advanced algorithm for image recognition in security systems.,94,5,27,0,0,1,2662.86
A unique brand logo for a luxury fashion company.,a unique brand logo for a luxury fashion company.,118,11,6,0,1,0,1438.12
An innovative app interface design for seamless user experience.,an innovative app interface design for seamless user experience.,70,6,28,0,1,0,4479.7
A creative artwork capturing modern urban life.,a creative artwork capturing modern urban life.,74,14,0,0,0,1,1652.89
A novel method for battery efficiency in electric vehicles.,a novel method for battery efficiency in electric vehicles.,69,5,3,0,0,1,3582.25
A novel method for battery efficiency in electric vehicles.,a novel method for battery efficiency in electric vehicles.,64,6,45,1,0,0,3613.99
An original music composition blending classical and modern styles.,an original music composition blending classical and modern styles.,89,14,2,1,0,0,4692.75
A revolutionary process for drug delivery using nanotechnology.,a revolutionary process for drug delivery using nanotechnology.,51,6,19,0,1,0,4060.61
An innovative system for real-time data encryption.,an innovative system for real-time data encryption.,103,15,30,0,0,1,3678.88
An innovative system for real-time data encryption.,an innovative system for real-time data encryption.,77,13,20,0,1,0,2908.1
A unique brand logo for a luxury fashion company.,a unique brand logo for a luxury fashion company.,56,8,21,0,0,1,4105.19
An innovative system for real-time data encryption.,an innovative system for real-time data encryption.,106,15,7,0,0,1,578.81
A novel method for battery efficiency in electric vehicles.,a novel method for battery efficiency in electric vehicles.,115,14,49,0,0,1,625.66
A unique design for a wearable health tracker.,a unique design for a wearable health tracker.,91,13,29,0,0,1,3917.94
An original music composition blending classical and modern styles.,an original music composition blending classical and modern styles.,104,12,32,1,0,0,1272.95
A novel method for battery efficiency in electric vehicles.,a novel method for battery efficiency in electric vehicles.,85,5,12,0,0,1,2269.7
An innovative app interface design for seamless user experience.,an innovative app interface design for seamless user experience.,91,13,21,0,1,0,525.9
A unique design for a wearable health tracker.,a unique design for a wearable health tracker.,70,14,33,1,0,0,1927.04
An advanced algorithm for image recognition in security systems.,an advanced algorithm for image recognition in security systems.,71,11,32,1,0,0,3815.05
An innovative app interface design for seamless user experience.,an innovative app interface design for seamless user experience.,72,9,2,1,0,0,2438.39
An innovative system for real-time data encryption.,an innovative system for real-time data encryption.,62,7,10,0,1,0,2431.35
A revolutionary process for drug delivery using nanotechnology.,a revolutionary process for drug delivery using nanotechnology.,84,6,37,1,0,0,729.26
A unique brand logo for a luxury fashion company.,a unique brand logo for a luxury fashion company.,72,8,10,0,0,1,4717.14
A novel method for battery efficiency in electric vehicles.,a novel method for battery efficiency in electric vehicles.,90,10,40,1,0,0,3002.34
A unique design for a wearable health tracker.,a unique design for a wearable health tracker.,61,5,0,1,0,0,2562.18
A novel method for battery efficiency in electric vehicles.,a novel method for battery efficiency in electric vehicles.,108,9,17,0,0,1,3316.33
An original music composition blending classical and modern styles.,an original music composition blending classical and modern styles.,54,12,40,0,0,1,3049.64
A creative artwork capturing modern urban life.,a creative artwork capturing modern urban life.,51,10,8,0,1,0,1739.56
An efficient method for renewable energy generation using solar power.,an efficient method for renewable energy generation using solar power.,80,12,9,0,0,1,4938.07
An innovative system for real-time data encryption.,an innovative system for real-time data encryption.,103,5,40,1,0,0,2772.52
A revolutionary process for drug delivery using nanotechnology.,a revolutionary process for drug delivery using nanotechnology.,76,10,13,0,1,0,4766.08
A unique design for a wearable health tracker.,a unique design for a wearable health tracker.,75,15,22,0,1,0,2181.41
An innovative app interface design for seamless user experience.,an innovative app interface design for seamless user experience.,74,14,19,1,0,0,874.19
A unique brand logo for a luxury fashion company.,a unique brand logo for a luxury fashion company.,103,13,28,1,0,0,747.96
A unique brand logo for a luxury fashion company.,a unique brand logo for a luxury fashion company.,104,10,35,0,1,0,3073.01
A novel method for battery efficiency in electric vehicles.,a novel method for battery efficiency in electric vehicles.,66,10,32,0,0,1,3886.06
An innovative system for real-time data encryption.,an innovative system for real-time data encryption.,104,6,16,1,0,0,3117.88
An advanced algorithm for image recognition in security systems.,an advanced algorithm for image recognition in security systems.,91,13,15,0,1,0,2174.44
An original music composition blending classical and modern styles.,an original music composition blending classical and modern styles.,113,14,3,0,1,0,1651.06
An original music composition blending classical and modern styles.,an original music composition blending classical and modern styles.,97,11,32,0,0,1,3093.52
A novel method for battery efficiency in electric vehicles.,a novel method for battery efficiency in electric vehicles.,69,5,47,1,0,0,4384.39
An innovative system for real-time data encryption.,an innovative system for real-time data encryption.,67,11,32,0,1,0,4375.5
An original music composition blending classical and modern styles.,an original music composition blending classical and modern styles.,111,7,22,1,0,0,2248.78
An advanced algorithm for image recognition in security systems.,an advanced algorithm for image recognition in security systems.,114,9,20,0,0,1,3645.87
A novel method for battery efficiency in electric vehicles.,a novel method for battery efficiency in electric vehicles.,77,6,48,1,0,0,3498.65
An original music composition blending classical and modern styles.,an original music composition blending classical and modern styles.,115,5,23,1,0,0,3178.05
A unique brand logo for a luxury fashion company.,a unique brand logo for a luxury fashion company.,58,5,27,0,0,1,2025.16
A unique brand logo for a luxury fashion company.,a unique brand logo for a luxury fashion company.,85,15,12,1,0,0,3685.72
An efficient method for renewable energy generation using solar power.,an efficient method for renewable energy generation using solar power.,83,14,21,0,1,0,989.61
An efficient method for renewable energy generation using solar power.,an efficient method for renewable energy generation using solar power.,114,13,8,0,1,0,3497.96
An innovative app interface design for seamless user experience.,an innovative app interface design for seamless user experience.,113,12,16,0,1,0,3585.85
A creative artwork capturing modern urban life.,a creative artwork capturing modern urban life.,79,15,16,0,0,1,508.34
An efficient method for renewable energy generation using solar power.,an efficient method for renewable energy generation using solar power.,110,11,11,0,1,0,3844.55
A revolutionary process for drug delivery using nanotechnology.,a revolutionary process for drug delivery using nanotechnology.,90,5,33,1,0,0,4238.8
A unique brand logo for a luxury fashion company.,a unique brand logo for a luxury fashion company.,76,11,41,0,1,0,4263.25
An efficient method for renewable energy generation using solar power.,an efficient method for renewable energy generation using solar power.,91,6,24,0,1,0,3889.57
A unique brand logo for a luxury fashion company.,a unique brand logo for a luxury fashion company.,116,7,3,1,0,0,3340.93
A unique design for a wearable health tracker.,a unique design for a wearable health tracker.,58,12,13,0,0,1,4223.91
An innovative app interface design for seamless user experience.,an innovative app interface design for seamless user experience.,102,12,20,0,0,1,1726.4
A revolutionary process for drug delivery using nanotechnology.,a revolutionary process for drug delivery using nanotechnology.,79,9,46,0,1,0,4385.6
An efficient method for renewable energy generation using solar power.,an efficient method for renewable energy generation using solar power.,118,10,6,0,1,0,4248.06
An advanced algorithm for image recognition in security systems.,an advanced algorithm for image recognition in security systems.,86,12,6,0,0,1,2137.94
An original music composition blending classical and modern styles.,an original music composition blending classical and modern styles.,64,13,16,0,0,1,2193.22
A novel method for battery efficiency in electric vehicles.,a novel method for battery efficiency in electric vehicles.,99,11,10,1,0,0,2109.1
A unique design for a wearable health tracker.,a unique design for a wearable health tracker.,109,7,48,0,0,1,3073.41
An innovative app interface design for seamless user experience.,an innovative app interface design for seamless user experience.,69,7,37,1,0,0,1381.54
An efficient method for renewable energy generation using solar power.,an efficient method for renewable energy generation using solar power.,112,8,28,0,1,0,1121.11
An efficient method for renewable energy generation using solar power.,an efficient method for renewable energy generation using solar power.,70,14,17,0,0,1,2962.4
A unique design for a wearable health tracker.,a unique design for a wearable health tracker.,55,13,9,0,1,0,683.19
An advanced algorithm for image recognition in security systems.,an advanced algorithm for image recognition in security systems.,65,12,48,1,0,0,1913.08
A creative artwork capturing modern urban life.,a creative artwork capturing modern urban life.,61,7,46,0,1,0,4923.02
A unique brand logo for a luxury fashion company.,a unique brand logo for a luxury fashion company.,83,15,14,0,0,1,3630.09
A unique design for a wearable health tracker.,a unique design for a wearable health tracker.,78,12,9,1,0,0,4506.92
A unique design for a wearable health tracker.,a unique design for a wearable health tracker.,112,6,41,0,1,0,4958.53
An original music composition blending classical and modern styles.,an original music composition blending classical and modern styles.,94,5,33,1,0,0,4804.52
An innovative system for real-time data encryption.,an innovative system for real-time data encryption.,111,13,49,0,0,1,910.37
A creative artwork capturing modern urban life.,a creative artwork capturing modern urban life.,116,13,31,1,0,0,3884.36
An innovative app interface design for seamless user experience.,an innovative app interface design for seamless user experience.,111,11,33,0,0,1,2508.78
A unique brand logo for a luxury fashion company.,a unique brand logo for a luxury fashion company.,98,12,8,0,1,0,3705.76
A unique brand logo for a luxury fashion company.,a unique brand logo for a luxury fashion company.,113,7,13,0,1,0,4907.52
An efficient method for renewable energy generation using solar power.,an efficient method for renewable energy generation using solar power.,57,8,40,0,0,1,3225.08
An original music composition blending classical and modern styles.,an original music composition blending classical and modern styles.,79,6,0,0,1,0,4831.11
An efficient method for renewable energy generation using solar power.,an efficient method for renewable energy generation using solar power.,114,7,27,0,1,0,3989.61
A unique brand logo for a luxury fashion company.,a unique brand logo for a luxury fashion company.,70,9,44,0,1,0,1239.09
A creative artwork capturing modern urban life.,a creative artwork capturing modern urban life.,67,13,35,0,0,1,3739.37
A unique brand logo for a luxury fashion company.,a unique brand logo for a luxury fashion company.,65,12,36,0,0,1,3644.39
A unique design for a wearable health tracker.,a unique design for a wearable health tracker.,65,13,29,0,0,1,1469.8
A creative artwork capturing modern urban life.,a creative artwork capturing modern urban life.,61,14,0,0,1,0,2197.74
A unique design for a wearable health tracker.,a unique design for a wearable health tracker.,53,15,31,0,1,0,1482.99
A creative artwork capturing modern urban life.,a creative artwork capturing modern urban life.,53,12,26,0,0,1,2356.4
A novel method for battery efficiency in electric vehicles.,a novel method for battery efficiency in electric vehicles.,91,6,17,1,0,0,2561.84
An innovative app interface design for seamless user experience.,an innovative app interface design for seamless user experience.,92,5,40,1,0,0,2280.64
A unique design for a wearable health tracker.,a unique design for a wearable health tracker.,72,9,31,0,1,0,1411.57
A unique design for a wearable health tracker.,a unique design for a wearable health tracker.,107,13,9,1,0,0,2526.96
An innovative app interface design for seamless user experience.,an innovative app interface design for seamless user experience.,96,10,25,0,1,0,1739.78
